LeafLength(cm),LeafWidth(cm),ColorIntensity,SpotsPresent,MoistureLevel(%),Texture,Humidity(%),Temperature(°C),SoilType,DiseaseLabel
25.5,21.49,Dark,0,58.7,Rough,69.39,22.8,Clay,Healthy
35.0,24.8,Medium,1,86.47,Smooth,58.69,33.41,Sandy,Unhealthy
44.16,8.21,Medium,1,88.13,Smooth,80.28,24.85,Loamy,Unhealthy
29.36,19.1,Light,1,76.13,Rough,87.91,35.55,Loamy,Healthy
17.52,20.5,Light,0,80.45,Rough,70.27,29.28,Sandy,Unhealthy
29.4,15.6,Dark,1,74.03,Smooth,67.83,23.63,Loamy,Unhealthy
15.33,19.57,Dark,0,60.41,Smooth,77.25,27.43,Sandy,Healthy
43.46,6.41,Light,0,74.06,Smooth,56.66,36.28,Sandy,Healthy
17.17,24.94,Medium,0,74.31,Rough,81.42,23.34,Loamy,Unhealthy
36.54,13.73,Dark,0,62.11,Smooth,55.81,29.78,Clay,Healthy
38.29,17.26,Dark,0,45.78,Smooth,71.73,26.74,Clay,Healthy
19.04,14.64,Dark,1,63.82,Rough,79.37,27.03,Sandy,Unhealthy
19.98,12.49,Medium,0,55.84,Smooth,87.94,28.58,Clay,Healthy
31.96,9.29,Dark,1,43.34,Smooth,58.03,28.19,Sandy,Healthy
28.63,21.45,Light,0,80.0,Rough,40.28,26.62,Clay,Unhealthy
20.99,7.44,Light,0,88.42,Rough,61.28,28.13,Loamy,Unhealthy
13.61,16.46,Dark,0,74.66,Rough,85.01,23.4,Sandy,Unhealthy
28.93,23.32,Dark,1,63.69,Rough,76.88,23.92,Loamy,Healthy
29.05,17.15,Dark,1,37.73,Rough,58.84,25.02,Clay,Healthy
49.8,6.87,Light,0,46.43,Smooth,58.32,39.98,Loamy,Unhealthy
21.95,10.11,Light,0,61.6,Rough,44.21,31.24,Sandy,Healthy
20.47,5.26,Medium,0,37.97,Smooth,40.99,21.94,Clay,Healthy
21.94,20.49,Light,1,57.1,Smooth,83.03,33.4,Sandy,Healthy
41.55,16.53,Light,0,30.4,Rough,54.7,27.44,Loamy,Healthy
43.31,23.36,Medium,1,40.17,Smooth,40.09,29.38,Loamy,Healthy
17.73,19.81,Dark,1,72.92,Rough,44.28,35.78,Clay,Healthy
47.82,12.04,Medium,1,44.53,Smooth,45.93,35.79,Loamy,Healthy
47.07,8.28,Light,0,38.47,Rough,72.55,36.28,Sandy,Healthy
26.69,6.05,Dark,1,52.02,Smooth,55.36,36.59,Clay,Healthy
46.45,18.76,Dark,1,51.48,Rough,76.09,21.55,Clay,Healthy
18.35,20.68,Dark,0,66.74,Smooth,65.33,24.6,Loamy,Unhealthy
39.06,9.34,Light,1,53.13,Rough,53.92,34.21,Clay,Healthy
13.83,16.1,Light,0,85.36,Rough,47.82,23.12,Sandy,Unhealthy
15.1,23.5,Light,0,49.32,Smooth,62.83,30.93,Clay,Healthy
33.64,17.03,Dark,1,82.06,Rough,74.45,20.67,Clay,Healthy
22.54,21.28,Dark,0,59.75,Rough,82.72,30.46,Sandy,Unhealthy
42.65,5.94,Light,1,70.96,Smooth,88.77,38.32,Sandy,Unhealthy
18.15,17.28,Light,0,42.78,Smooth,57.67,37.61,Clay,Healthy
13.34,6.21,Medium,0,30.06,Rough,72.61,38.75,Loamy,Healthy
18.28,15.11,Light,1,66.05,Rough,41.92,30.38,Clay,Unhealthy
38.17,24.96,Medium,1,66.56,Rough,79.84,21.91,Loamy,Unhealthy
34.72,8.69,Light,1,69.7,Smooth,53.53,35.15,Clay,Healthy
18.88,11.47,Light,1,54.73,Rough,75.57,29.89,Loamy,Healthy
36.44,18.1,Medium,1,83.34,Rough,46.44,25.15,Clay,Unhealthy
37.73,9.45,Light,0,49.1,Smooth,45.34,37.62,Loamy,Healthy
13.88,15.82,Dark,1,56.71,Rough,44.52,31.6,Sandy,Unhealthy
34.08,24.95,Medium,1,73.43,Rough,51.97,36.91,Clay,Unhealthy
39.89,17.97,Medium,1,68.08,Rough,56.95,29.57,Loamy,Healthy
13.96,15.46,Medium,1,71.72,Smooth,84.11,31.29,Sandy,Healthy
14.67,24.97,Dark,0,60.57,Smooth,42.41,27.32,Sandy,Healthy
38.87,18.15,Dark,0,44.8,Rough,49.67,31.27,Clay,Healthy
29.51,24.53,Light,0,61.12,Rough,40.14,21.04,Sandy,Healthy
42.44,16.62,Light,1,53.82,Smooth,43.83,34.4,Clay,Healthy
41.33,15.41,Medium,0,45.78,Rough,57.87,29.75,Sandy,Healthy
43.49,8.59,Light,0,65.72,Rough,50.95,25.42,Sandy,Unhealthy
32.43,9.48,Light,0,76.93,Rough,74.98,37.01,Loamy,Unhealthy
46.02,20.01,Medium,1,61.18,Smooth,86.65,20.53,Loamy,Healthy
33.43,23.33,Dark,0,88.03,Smooth,40.13,23.38,Loamy,Unhealthy
33.57,19.49,Light,0,41.76,Smooth,40.98,27.14,Sandy,Healthy
19.56,17.19,Light,1,71.76,Smooth,44.28,31.14,Clay,Healthy
48.34,6.01,Dark,0,59.53,Smooth,54.42,35.42,Sandy,Unhealthy
40.54,17.27,Dark,1,37.75,Rough,64.99,34.3,Loamy,Unhealthy
32.37,9.94,Light,0,44.14,Smooth,41.97,24.84,Clay,Healthy
34.55,13.22,Dark,0,53.19,Smooth,47.09,27.19,Sandy,Healthy
33.51,19.38,Light,0,76.24,Smooth,76.49,36.97,Loamy,Healthy
17.16,12.41,Medium,1,69.51,Smooth,43.21,21.56,Loamy,Healthy
13.69,6.25,Medium,1,77.78,Rough,57.54,29.16,Sandy,Unhealthy
12.24,18.49,Dark,1,74.69,Smooth,88.96,25.96,Sandy,Unhealthy
10.28,6.1,Dark,0,72.59,Smooth,59.73,22.55,Clay,Unhealthy
38.89,15.3,Light,1,42.41,Smooth,61.73,27.39,Loamy,Unhealthy
19.48,16.45,Medium,1,75.74,Rough,87.33,29.96,Sandy,Healthy
43.11,21.81,Medium,1,83.92,Smooth,40.44,29.79,Sandy,Healthy
24.57,12.84,Dark,1,46.8,Rough,72.73,34.85,Clay,Unhealthy
25.52,21.45,Light,1,62.23,Smooth,43.68,28.22,Sandy,Healthy
15.2,19.79,Dark,1,79.38,Rough,78.41,39.04,Sandy,Healthy
14.67,8.42,Light,1,68.12,Smooth,50.35,22.61,Clay,Healthy
47.68,5.38,Light,0,30.37,Rough,60.88,33.74,Loamy,Unhealthy
13.1,12.55,Medium,1,49.61,Rough,83.35,27.88,Sandy,Unhealthy
37.7,14.49,Medium,1,84.04,Smooth,60.93,26.69,Loamy,Unhealthy
45.69,19.76,Light,1,30.08,Rough,44.24,36.23,Loamy,Healthy
37.13,24.81,Dark,0,83.2,Rough,46.7,38.58,Sandy,Unhealthy
28.33,17.14,Dark,0,62.38,Smooth,55.93,33.65,Sandy,Unhealthy
31.34,13.98,Light,0,86.6,Smooth,71.72,20.73,Sandy,Unhealthy
30.89,20.47,Light,1,65.21,Smooth,42.08,20.97,Sandy,Healthy
12.74,12.49,Medium,1,87.79,Rough,87.17,30.44,Sandy,Healthy
19.14,14.1,Light,0,74.07,Smooth,64.66,23.44,Sandy,Healthy
30.53,6.75,Medium,1,86.02,Rough,89.64,28.76,Loamy,Unhealthy
40.7,20.13,Dark,1,55.91,Rough,50.01,34.93,Sandy,Unhealthy
39.42,16.28,Medium,1,49.09,Smooth,76.03,31.26,Loamy,Healthy
14.7,17.11,Dark,1,50.09,Smooth,61.27,22.68,Loamy,Unhealthy
18.98,5.1,Light,1,44.52,Rough,48.92,35.89,Loamy,Healthy
36.09,21.25,Medium,1,80.18,Smooth,65.36,23.32,Loamy,Unhealthy
10.47,20.62,Light,0,71.83,Smooth,68.78,25.63,Loamy,Unhealthy
46.47,6.98,Medium,0,62.54,Smooth,52.8,33.46,Loamy,Healthy
44.48,10.66,Dark,1,54.96,Smooth,66.07,24.26,Sandy,Healthy
48.64,24.05,Dark,0,66.79,Smooth,67.47,28.1,Sandy,Healthy
11.17,6.2,Medium,1,33.23,Rough,63.86,23.5,Sandy,Healthy
41.1,13.05,Light,0,47.37,Smooth,46.13,26.39,Sandy,Unhealthy
18.11,15.89,Light,1,62.34,Smooth,43.18,35.49,Clay,Healthy
41.83,9.63,Medium,0,83.84,Rough,87.4,27.84,Clay,Unhealthy
31.55,7.95,Medium,0,74.4,Smooth,85.66,32.57,Sandy,Healthy
26.87,9.99,Medium,0,67.5,Smooth,67.44,28.48,Loamy,Unhealthy
43.94,7.37,Dark,0,55.55,Rough,72.02,36.02,Sandy,Unhealthy
12.7,9.86,Light,1,41.25,Rough,85.94,25.91,Sandy,Unhealthy
32.21,20.85,Dark,0,32.52,Smooth,75.91,35.4,Loamy,Unhealthy
44.45,13.99,Light,1,32.59,Rough,48.47,21.08,Loamy,Healthy
33.23,13.19,Light,0,43.29,Smooth,83.71,23.78,Sandy,Unhealthy
15.03,11.88,Dark,0,37.95,Smooth,79.55,39.46,Clay,Unhealthy
40.18,8.78,Medium,1,74.87,Rough,86.87,27.14,Loamy,Unhealthy
33.45,5.44,Dark,1,48.83,Smooth,51.53,37.49,Loamy,Unhealthy
45.49,21.1,Dark,0,61.53,Rough,71.95,23.99,Loamy,Unhealthy
20.47,5.7,Dark,1,84.88,Smooth,64.05,39.7,Clay,Unhealthy
29.77,5.79,Dark,0,74.05,Rough,80.65,31.35,Sandy,Healthy
34.63,17.99,Medium,0,89.19,Smooth,88.86,29.09,Loamy,Unhealthy
29.86,18.14,Medium,0,86.53,Rough,77.74,27.45,Clay,Healthy
41.04,18.64,Dark,0,39.61,Rough,41.2,36.89,Clay,Healthy
46.5,21.97,Dark,0,83.54,Smooth,83.01,32.01,Loamy,Unhealthy
21.55,12.26,Medium,0,55.41,Rough,73.92,28.93,Sandy,Unhealthy
23.48,21.31,Light,0,80.53,Rough,87.58,20.49,Clay,Healthy
36.66,22.72,Dark,1,71.4,Rough,54.76,21.18,Clay,Healthy
13.69,12.25,Dark,0,69.76,Smooth,77.05,36.35,Sandy,Unhealthy
20.61,15.95,Dark,1,55.65,Rough,60.9,31.83,Sandy,Unhealthy
41.22,14.59,Dark,1,71.04,Smooth,86.76,32.82,Loamy,Healthy
13.93,18.73,Light,0,33.47,Rough,61.83,26.18,Clay,Unhealthy
17.16,24.66,Dark,1,78.58,Rough,82.82,21.59,Sandy,Unhealthy
16.99,5.86,Medium,1,52.78,Smooth,86.49,23.49,Sandy,Unhealthy
13.52,10.64,Dark,0,53.7,Rough,67.55,35.27,Sandy,Unhealthy
17.12,22.92,Light,1,36.58,Rough,70.14,22.56,Loamy,Unhealthy
32.41,5.41,Light,1,64.89,Rough,79.16,29.36,Clay,Healthy
43.97,21.53,Light,1,61.92,Smooth,50.28,33.88,Sandy,Unhealthy
17.07,12.17,Dark,1,49.29,Rough,45.5,33.83,Loamy,Healthy
46.01,17.33,Dark,0,60.8,Rough,75.38,33.96,Loamy,Unhealthy
30.04,7.07,Dark,0,58.29,Rough,80.91,38.38,Sandy,Healthy
20.13,19.69,Medium,1,47.32,Smooth,54.99,23.9,Clay,Unhealthy
37.98,12.38,Dark,1,60.67,Rough,57.93,37.07,Clay,Unhealthy
27.36,12.21,Medium,0,51.79,Rough,53.07,38.41,Clay,Healthy
42.46,14.41,Dark,0,47.58,Smooth,50.19,37.31,Sandy,Healthy
28.16,8.86,Medium,1,67.78,Rough,80.91,27.93,Loamy,Healthy
16.37,9.05,Medium,1,75.09,Smooth,47.84,26.84,Loamy,Healthy
31.46,19.46,Light,0,50.57,Smooth,52.54,35.67,Loamy,Unhealthy
10.43,21.03,Dark,0,50.61,Rough,88.63,23.94,Clay,Unhealthy
11.34,10.09,Light,0,63.87,Rough,71.58,24.24,Sandy,Unhealthy
22.59,6.35,Dark,1,85.63,Rough,49.96,31.35,Clay,Healthy
32.87,10.0,Light,1,76.74,Smooth,49.4,37.1,Loamy,Unhealthy
47.48,17.49,Medium,1,50.04,Smooth,75.14,23.46,Loamy,Healthy
35.25,10.59,Dark,0,82.1,Smooth,66.05,35.18,Loamy,Unhealthy
39.11,22.97,Light,1,62.24,Smooth,46.26,25.46,Loamy,Healthy
44.61,19.73,Dark,1,69.68,Rough,79.52,26.03,Loamy,Healthy
18.22,22.5,Light,0,64.87,Smooth,62.96,29.46,Sandy,Unhealthy
16.83,15.29,Light,1,74.5,Smooth,87.9,29.42,Clay,Unhealthy
13.31,21.22,Light,1,39.01,Smooth,55.71,36.44,Clay,Unhealthy
28.2,13.43,Dark,1,80.98,Rough,81.61,30.65,Loamy,Unhealthy
11.61,8.93,Medium,0,32.5,Rough,58.59,35.5,Loamy,Healthy
26.08,5.29,Medium,0,70.47,Rough,45.68,26.16,Loamy,Healthy
21.69,20.97,Dark,0,38.04,Rough,58.18,23.28,Loamy,Unhealthy
13.92,11.35,Medium,1,43.33,Rough,66.07,33.71,Sandy,Healthy
21.01,7.49,Light,1,48.92,Smooth,46.75,24.05,Sandy,Unhealthy
22.95,23.57,Dark,1,78.8,Smooth,80.85,30.49,Loamy,Healthy
26.97,20.1,Dark,1,85.1,Rough,43.12,24.91,Loamy,Unhealthy
25.04,5.82,Light,1,80.57,Smooth,52.52,23.85,Clay,Healthy
29.15,21.59,Dark,1,56.31,Rough,65.85,20.21,Sandy,Healthy
25.31,9.01,Medium,0,78.41,Smooth,57.18,36.04,Sandy,Healthy
32.21,18.83,Medium,1,43.16,Smooth,57.21,20.55,Sandy,Healthy
49.47,5.18,Medium,1,88.63,Rough,50.19,23.98,Sandy,Healthy
13.14,19.83,Medium,1,66.1,Rough,49.69,30.29,Clay,Unhealthy
41.23,19.52,Medium,0,41.28,Rough,71.92,38.13,Loamy,Unhealthy
46.66,23.97,Dark,1,75.74,Rough,44.14,38.97,Sandy,Unhealthy
20.52,10.69,Light,1,58.37,Rough,62.02,22.01,Loamy,Healthy
16.79,8.17,Light,0,53.79,Rough,45.64,26.9,Sandy,Healthy
38.46,15.93,Medium,0,53.25,Smooth,68.31,25.16,Sandy,Unhealthy
32.16,7.42,Medium,1,87.98,Rough,43.98,28.83,Loamy,Unhealthy
14.96,12.65,Light,1,89.44,Rough,53.03,36.96,Clay,Unhealthy
49.94,17.86,Medium,0,68.09,Smooth,41.35,31.42,Loamy,Unhealthy
14.23,22.61,Medium,1,64.64,Smooth,72.3,26.17,Loamy,Healthy
15.78,9.36,Light,0,36.43,Rough,40.73,38.55,Clay,Unhealthy
16.51,8.38,Light,1,67.57,Rough,78.74,32.95,Sandy,Unhealthy
30.51,20.89,Light,1,30.61,Smooth,74.19,28.38,Loamy,Healthy
18.06,21.74,Medium,1,80.19,Smooth,67.11,25.89,Clay,Unhealthy
23.65,23.3,Dark,0,53.93,Rough,82.51,27.23,Sandy,Unhealthy
31.42,20.87,Light,0,74.65,Smooth,74.36,25.03,Loamy,Healthy
18.74,8.68,Medium,1,68.93,Rough,69.05,25.1,Clay,Unhealthy
17.26,8.99,Light,1,57.09,Rough,78.44,28.92,Sandy,Healthy
20.93,16.9,Medium,0,77.27,Rough,57.09,23.04,Loamy,Unhealthy
15.91,11.29,Medium,1,35.71,Smooth,55.0,23.28,Clay,Unhealthy
44.31,12.71,Dark,0,63.9,Smooth,41.6,36.51,Sandy,Healthy
47.24,12.73,Light,1,61.73,Smooth,71.02,37.76,Loamy,Unhealthy
15.54,11.6,Medium,1,38.55,Smooth,41.13,31.99,Loamy,Healthy
20.65,13.86,Dark,1,52.65,Smooth,53.04,27.85,Clay,Unhealthy
28.65,15.83,Dark,1,37.05,Smooth,45.73,38.21,Clay,Unhealthy
26.38,9.59,Medium,0,80.53,Smooth,61.57,23.16,Clay,Unhealthy
19.92,13.79,Medium,1,87.1,Smooth,43.84,39.11,Clay,Healthy
41.12,15.88,Dark,1,53.87,Smooth,58.91,21.48,Sandy,Unhealthy
35.38,11.3,Dark,0,60.75,Smooth,58.7,31.18,Clay,Healthy
40.01,23.46,Dark,0,85.45,Rough,54.82,34.94,Clay,Healthy
33.84,7.65,Light,1,44.57,Smooth,61.97,36.06,Loamy,Unhealthy
20.12,6.1,Light,1,41.83,Smooth,63.36,33.29,Sandy,Unhealthy
31.22,6.62,Dark,0,53.73,Smooth,56.53,36.62,Sandy,Unhealthy
37.25,24.5,Light,0,79.95,Rough,42.52,21.05,Loamy,Unhealthy
39.24,24.89,Medium,1,87.21,Rough,61.6,28.17,Sandy,Unhealthy
21.01,15.2,Medium,1,64.73,Smooth,44.1,23.12,Loamy,Unhealthy
21.35,16.32,Dark,1,40.07,Rough,53.75,28.19,Clay,Healthy
13.39,17.53,Dark,1,62.39,Smooth,77.08,32.84,Clay,Unhealthy
19.79,19.99,Light,0,31.32,Smooth,75.78,31.31,Clay,Unhealthy
13.62,17.99,Light,1,39.07,Rough,81.05,39.99,Sandy,Unhealthy
47.03,11.6,Medium,1,42.42,Rough,62.67,36.29,Clay,Unhealthy
38.56,15.2,Medium,1,34.28,Smooth,56.25,35.12,Clay,Healthy
41.95,19.25,Medium,0,34.05,Rough,71.64,38.16,Loamy,Unhealthy
43.87,20.92,Dark,0,81.23,Smooth,84.88,21.07,Clay,Healthy
38.41,7.06,Medium,1,34.48,Rough,57.15,37.25,Loamy,Unhealthy
31.36,17.34,Medium,1,33.51,Rough,50.55,22.8,Sandy,Unhealthy
16.99,10.05,Medium,1,72.98,Rough,42.7,28.49,Clay,Healthy
48.69,24.0,Medium,0,40.3,Rough,60.87,28.55,Clay,Healthy
18.5,19.39,Dark,1,83.86,Smooth,69.95,25.16,Clay,Healthy
41.12,14.46,Medium,1,76.5,Smooth,52.27,33.56,Clay,Healthy
46.16,11.82,Dark,0,74.93,Smooth,73.28,30.7,Clay,Unhealthy
13.48,16.5,Medium,1,88.27,Smooth,85.11,24.48,Loamy,Healthy
20.67,8.51,Dark,0,41.87,Smooth,62.02,29.52,Clay,Unhealthy
20.91,5.83,Medium,1,59.51,Smooth,65.12,25.75,Clay,Healthy
32.29,13.86,Dark,0,30.2,Rough,80.95,35.23,Clay,Healthy
37.63,19.52,Dark,0,57.28,Rough,83.5,30.78,Loamy,Healthy
44.4,23.08,Dark,0,36.1,Rough,63.48,37.54,Sandy,Healthy
44.63,16.09,Medium,1,39.95,Rough,40.69,24.98,Loamy,Unhealthy
27.63,14.71,Medium,0,65.94,Rough,57.46,36.84,Clay,Healthy
29.78,17.1,Medium,0,87.0,Smooth,69.72,38.7,Sandy,Unhealthy
18.49,13.27,Medium,1,49.29,Smooth,55.64,35.67,Loamy,Unhealthy
26.26,13.93,Dark,1,50.74,Smooth,86.83,39.11,Sandy,Unhealthy
33.49,17.95,Dark,1,86.11,Rough,82.69,22.0,Clay,Unhealthy
21.87,11.32,Dark,1,34.94,Smooth,60.17,34.96,Clay,Healthy
18.94,22.44,Dark,1,81.86,Rough,84.83,33.73,Loamy,Unhealthy
33.09,17.61,Dark,1,32.64,Smooth,82.4,20.81,Clay,Healthy
48.26,15.14,Dark,1,72.97,Smooth,48.48,38.96,Clay,Healthy
35.4,10.63,Light,0,84.24,Smooth,88.19,21.74,Sandy,Healthy
31.99,14.8,Medium,0,80.88,Smooth,84.81,37.09,Sandy,Healthy
24.84,12.37,Medium,1,60.95,Smooth,60.22,22.41,Sandy,Healthy
26.15,20.19,Medium,0,31.49,Smooth,50.55,21.83,Clay,Unhealthy
48.03,21.76,Medium,1,60.26,Rough,59.29,30.37,Sandy,Unhealthy
37.26,21.06,Dark,1,47.75,Smooth,78.98,24.59,Loamy,Healthy
48.24,10.13,Medium,0,60.51,Smooth,75.2,22.71,Loamy,Healthy
47.53,15.68,Light,0,53.52,Smooth,87.79,22.79,Clay,Unhealthy
19.41,7.16,Dark,0,63.97,Smooth,64.03,33.12,Loamy,Unhealthy
10.92,5.94,Light,0,49.18,Smooth,60.31,30.17,Sandy,Healthy
46.5,9.88,Light,0,58.23,Rough,86.58,38.36,Loamy,Unhealthy
29.83,24.19,Light,1,78.25,Smooth,67.02,23.04,Clay,Healthy
27.17,18.73,Medium,0,33.33,Smooth,75.79,24.04,Sandy,Unhealthy
17.91,18.25,Dark,0,75.97,Smooth,83.01,20.54,Sandy,Unhealthy
25.59,7.56,Dark,0,38.0,Smooth,79.44,30.0,Clay,Healthy
32.61,11.84,Light,1,82.26,Rough,40.59,24.97,Loamy,Unhealthy
11.96,15.14,Dark,0,50.19,Smooth,52.88,20.06,Sandy,Healthy
12.31,18.48,Medium,1,73.0,Smooth,74.79,28.59,Sandy,Healthy
34.62,12.15,Light,0,78.88,Smooth,83.52,22.32,Clay,Healthy
33.13,10.64,Dark,0,50.69,Rough,88.92,29.94,Loamy,Unhealthy
17.87,13.95,Light,1,62.36,Smooth,77.61,22.3,Loamy,Unhealthy
31.35,20.0,Light,0,48.78,Smooth,51.99,30.58,Clay,Unhealthy
48.79,7.14,Light,0,52.22,Rough,60.06,27.28,Clay,Unhealthy
14.47,24.15,Medium,0,33.77,Rough,76.85,36.41,Loamy,Healthy
37.43,14.8,Light,0,83.95,Rough,81.81,35.59,Loamy,Healthy
29.6,22.92,Dark,1,63.95,Smooth,50.64,33.87,Sandy,Healthy
27.81,12.24,Dark,0,56.21,Smooth,85.84,36.59,Sandy,Unhealthy
30.23,20.36,Medium,0,70.34,Rough,69.18,21.22,Clay,Unhealthy
29.69,18.85,Dark,1,59.58,Rough,58.12,28.43,Loamy,Healthy
35.64,22.61,Light,0,64.89,Smooth,51.83,23.78,Clay,Unhealthy
48.44,9.29,Light,1,86.02,Rough,81.83,27.73,Sandy,Unhealthy
28.12,6.04,Medium,0,36.15,Smooth,62.41,25.35,Loamy,Healthy
28.84,23.09,Dark,0,73.87,Smooth,85.09,20.19,Sandy,Healthy
13.92,11.05,Dark,1,63.63,Rough,68.45,32.3,Sandy,Healthy
29.73,14.07,Dark,0,80.44,Smooth,62.03,20.19,Sandy,Healthy
49.82,23.91,Medium,1,52.0,Smooth,66.48,39.97,Sandy,Healthy
36.64,24.47,Light,0,83.09,Smooth,82.29,25.71,Clay,Healthy
16.65,15.63,Medium,1,78.66,Smooth,76.46,31.07,Sandy,Unhealthy
26.35,24.77,Light,0,88.16,Rough,70.7,27.39,Loamy,Healthy
15.95,11.51,Light,1,58.04,Smooth,53.47,21.21,Loamy,Healthy
36.06,7.37,Dark,0,68.56,Rough,72.96,33.15,Loamy,Healthy
28.37,5.3,Medium,0,68.7,Rough,51.23,34.38,Clay,Healthy
19.57,20.2,Dark,0,68.65,Rough,72.18,37.24,Loamy,Healthy
14.13,17.71,Light,1,58.07,Rough,65.9,34.21,Clay,Unhealthy
38.41,5.6,Medium,0,81.59,Smooth,75.72,28.86,Loamy,Unhealthy
33.14,12.21,Dark,1,70.45,Smooth,52.52,32.78,Sandy,Unhealthy
27.98,5.47,Medium,1,33.04,Smooth,82.76,39.27,Sandy,Unhealthy
31.35,21.42,Dark,1,48.86,Smooth,42.37,20.28,Clay,Unhealthy
41.36,6.56,Medium,0,75.62,Smooth,60.21,24.35,Sandy,Unhealthy
25.38,5.94,Medium,1,52.24,Rough,65.3,36.55,Clay,Healthy
13.89,15.09,Medium,1,75.47,Rough,83.09,26.29,Sandy,Healthy
30.06,14.11,Dark,0,81.6,Smooth,89.68,30.8,Loamy,Healthy
32.02,24.14,Light,1,83.3,Smooth,57.38,39.48,Loamy,Healthy
18.4,24.96,Light,1,84.85,Smooth,48.11,29.3,Loamy,Healthy
33.26,19.09,Light,0,64.88,Smooth,72.65,35.94,Clay,Healthy
26.29,22.7,Dark,1,48.84,Smooth,42.75,26.66,Sandy,Healthy
25.36,22.92,Light,0,32.49,Rough,56.11,32.58,Loamy,Healthy
28.33,21.81,Medium,0,44.3,Smooth,49.18,22.36,Sandy,Unhealthy
12.79,21.07,Light,0,31.6,Rough,83.49,39.82,Loamy,Unhealthy
45.78,18.59,Light,1,34.13,Rough,81.58,30.1,Clay,Unhealthy
18.52,9.15,Dark,1,45.08,Smooth,54.11,38.27,Sandy,Healthy
29.23,10.08,Dark,1,57.37,Rough,89.91,33.5,Clay,Unhealthy
17.35,19.47,Medium,0,58.68,Rough,76.21,38.19,Sandy,Unhealthy
31.66,5.14,Dark,1,30.88,Smooth,46.16,33.62,Clay,Healthy
40.76,15.81,Dark,1,54.94,Smooth,69.12,31.33,Loamy,Healthy
31.83,6.56,Medium,1,80.41,Smooth,47.41,27.75,Sandy,Healthy
44.08,19.0,Light,0,62.42,Rough,41.16,25.63,Clay,Healthy
20.37,11.51,Dark,0,55.17,Rough,74.69,33.06,Loamy,Unhealthy
21.1,11.93,Light,0,45.23,Rough,55.36,20.5,Sandy,Unhealthy
18.9,6.26,Medium,0,55.72,Rough,50.83,20.94,Clay,Healthy
39.39,6.97,Medium,0,78.5,Rough,50.22,34.17,Clay,Healthy
18.9,20.05,Dark,0,44.65,Rough,76.4,20.56,Loamy,Unhealthy
28.79,20.38,Medium,1,45.26,Rough,40.93,33.14,Sandy,Unhealthy
13.23,24.51,Medium,0,89.32,Rough,75.66,24.19,Clay,Unhealthy
49.17,21.28,Medium,0,72.97,Smooth,60.62,36.28,Sandy,Healthy
13.18,22.05,Dark,1,41.45,Smooth,50.98,34.38,Sandy,Healthy
35.71,14.26,Dark,1,47.0,Rough,49.77,24.46,Sandy,Unhealthy
21.12,9.73,Light,1,65.03,Smooth,89.17,25.74,Clay,Unhealthy
37.33,10.06,Light,0,89.47,Rough,40.99,27.45,Sandy,Unhealthy
14.49,24.71,Medium,0,47.2,Rough,40.1,31.65,Clay,Healthy
25.45,21.89,Dark,0,56.8,Smooth,41.3,23.68,Clay,Healthy
13.24,22.17,Dark,1,79.96,Smooth,84.31,29.81,Clay,Healthy
13.2,11.28,Dark,1,48.5,Smooth,48.34,20.62,Loamy,Healthy
21.45,7.63,Dark,0,81.48,Rough,83.9,25.16,Clay,Unhealthy
19.58,21.43,Dark,1,57.71,Smooth,84.33,24.48,Sandy,Healthy
17.53,22.82,Medium,0,51.67,Rough,88.2,33.51,Sandy,Unhealthy
36.38,22.97,Light,0,39.98,Smooth,45.86,31.02,Clay,Healthy
26.96,24.48,Dark,0,89.69,Smooth,69.78,22.15,Sandy,Healthy
35.34,21.6,Light,0,33.97,Rough,43.23,25.33,Loamy,Unhealthy
19.23,12.71,Medium,1,59.62,Rough,44.58,32.67,Loamy,Unhealthy
16.68,14.54,Medium,0,44.56,Smooth,52.0,39.69,Loamy,Unhealthy
22.07,9.5,Light,1,61.21,Rough,69.48,32.44,Clay,Unhealthy
14.93,5.23,Light,0,33.49,Smooth,41.4,36.21,Sandy,Unhealthy
48.85,5.12,Medium,0,68.94,Smooth,71.26,20.39,Sandy,Healthy
16.47,14.92,Dark,0,39.02,Rough,87.98,35.54,Sandy,Unhealthy
40.98,20.75,Light,1,59.44,Smooth,80.61,22.97,Clay,Unhealthy
31.18,23.15,Light,0,70.4,Smooth,84.14,39.95,Clay,Healthy
10.88,9.28,Light,1,42.62,Rough,54.0,26.19,Loamy,Healthy
14.66,21.8,Dark,1,62.02,Rough,71.34,20.72,Sandy,Unhealthy
36.8,15.69,Medium,0,76.9,Smooth,50.46,24.39,Loamy,Healthy
30.54,8.14,Medium,0,33.69,Rough,47.22,31.18,Clay,Unhealthy
17.99,17.97,Light,1,46.53,Smooth,48.83,29.76,Loamy,Healthy
22.66,11.73,Dark,1,63.24,Rough,83.74,25.81,Clay,Unhealthy
15.72,18.69,Light,1,68.32,Rough,45.73,36.42,Sandy,Healthy
31.67,15.35,Dark,0,76.77,Smooth,78.62,36.2,Sandy,Unhealthy
44.5,10.87,Medium,1,39.15,Smooth,40.59,36.71,Loamy,Unhealthy
48.75,18.79,Dark,1,79.25,Smooth,60.23,32.1,Clay,Healthy
38.95,11.15,Dark,0,79.66,Smooth,71.29,35.01,Clay,Healthy
20.17,6.54,Dark,1,88.33,Rough,69.55,26.15,Sandy,Unhealthy
29.39,17.69,Light,1,35.91,Rough,43.14,29.94,Loamy,Healthy
39.44,12.41,Dark,0,53.73,Smooth,84.17,22.83,Loamy,Healthy
16.2,6.35,Dark,1,73.23,Smooth,65.46,23.09,Loamy,Healthy
14.04,9.22,Medium,1,80.53,Rough,57.22,35.65,Loamy,Healthy
24.57,24.47,Dark,0,64.91,Smooth,65.54,32.98,Sandy,Healthy
27.29,10.43,Light,1,66.88,Smooth,77.63,34.64,Clay,Healthy
33.08,7.55,Dark,1,46.89,Rough,57.28,24.37,Sandy,Healthy
26.12,22.47,Medium,0,87.68,Rough,49.49,28.43,Clay,Healthy
46.57,16.79,Medium,0,63.17,Rough,56.58,21.83,Clay,Healthy
11.96,9.52,Light,0,37.03,Smooth,59.94,30.95,Loamy,Healthy
29.04,23.16,Medium,1,34.54,Rough,65.06,36.24,Loamy,Healthy
47.21,10.97,Dark,1,60.21,Smooth,80.24,39.0,Loamy,Unhealthy
34.12,17.63,Light,1,50.46,Rough,89.43,32.4,Clay,Healthy
30.62,15.17,Medium,1,58.6,Smooth,41.11,27.12,Loamy,Healthy
28.22,6.17,Dark,1,30.53,Smooth,79.4,31.89,Sandy,Healthy
36.22,17.53,Dark,0,54.32,Rough,76.44,24.77,Loamy,Unhealthy
21.71,11.64,Medium,1,64.32,Smooth,41.93,36.98,Clay,Unhealthy
19.09,14.56,Medium,1,86.55,Smooth,84.02,20.7,Clay,Healthy
27.5,17.49,Light,1,36.49,Rough,42.97,32.97,Sandy,Healthy
25.14,7.38,Medium,0,37.57,Rough,90.0,29.48,Clay,Healthy
15.62,20.76,Dark,0,86.82,Smooth,69.99,23.36,Clay,Unhealthy
30.7,21.24,Light,0,62.35,Smooth,62.62,29.27,Loamy,Healthy
29.05,20.08,Light,0,78.94,Smooth,61.83,30.38,Loamy,Healthy
11.31,17.79,Light,0,81.82,Smooth,44.82,29.73,Clay,Healthy
38.21,9.23,Dark,0,63.13,Rough,40.62,35.17,Loamy,Unhealthy
45.92,7.0,Medium,0,40.74,Rough,65.57,26.31,Sandy,Unhealthy
29.62,15.88,Medium,0,33.27,Rough,51.52,26.29,Loamy,Unhealthy
34.43,6.95,Medium,1,71.69,Smooth,53.45,25.38,Loamy,Unhealthy
42.34,6.48,Dark,0,47.37,Smooth,75.55,36.41,Sandy,Unhealthy
21.0,20.9,Dark,0,35.85,Rough,51.56,28.28,Clay,Healthy
46.79,13.23,Medium,0,87.0,Rough,68.48,30.63,Clay,Unhealthy
21.52,8.42,Light,1,67.75,Smooth,77.45,23.24,Clay,Unhealthy
38.34,8.34,Medium,1,80.86,Smooth,60.59,29.76,Loamy,Unhealthy
34.89,7.41,Dark,1,57.25,Smooth,46.18,21.2,Sandy,Healthy
16.46,6.53,Medium,0,76.59,Rough,51.55,23.09,Clay,Healthy
33.88,23.73,Light,0,71.92,Smooth,55.77,37.54,Clay,Healthy
30.66,13.99,Dark,1,62.68,Smooth,72.79,20.31,Clay,Unhealthy
33.31,13.17,Medium,0,62.23,Rough,62.45,35.38,Clay,Unhealthy
17.51,11.96,Medium,0,41.13,Smooth,47.78,25.91,Sandy,Unhealthy
45.55,15.08,Medium,0,64.73,Smooth,64.86,37.24,Loamy,Healthy
43.63,15.24,Medium,0,41.84,Smooth,73.01,26.39,Loamy,Unhealthy
47.87,16.76,Light,0,85.78,Smooth,59.54,23.53,Loamy,Healthy
23.36,13.86,Dark,1,55.96,Smooth,73.65,30.01,Clay,Healthy
38.09,10.25,Light,1,56.96,Rough,59.26,30.84,Sandy,Unhealthy
46.83,23.71,Medium,1,33.65,Smooth,76.96,34.63,Sandy,Unhealthy
41.19,8.42,Light,1,71.14,Smooth,80.29,30.04,Loamy,Unhealthy
42.06,15.21,Medium,1,34.5,Rough,86.88,36.61,Sandy,Unhealthy
34.66,24.62,Dark,1,75.85,Smooth,45.89,38.13,Loamy,Unhealthy
31.83,5.38,Light,0,50.93,Smooth,42.89,25.26,Loamy,Unhealthy
14.17,7.07,Light,0,33.07,Smooth,60.31,27.85,Clay,Healthy
31.34,15.06,Light,1,82.12,Rough,87.09,21.41,Loamy,Unhealthy
13.01,20.22,Medium,1,85.2,Rough,41.26,30.2,Clay,Healthy
36.16,13.67,Light,1,42.48,Rough,74.52,35.86,Loamy,Unhealthy
34.84,18.11,Medium,0,74.93,Rough,42.98,36.11,Clay,Healthy
26.09,22.26,Medium,0,71.73,Rough,48.1,23.87,Sandy,Unhealthy
29.36,8.54,Light,1,80.62,Smooth,72.83,36.86,Clay,Unhealthy
41.69,15.99,Dark,0,30.78,Rough,53.56,24.14,Loamy,Healthy
22.48,24.49,Dark,0,40.03,Rough,81.61,23.57,Loamy,Unhealthy
28.72,22.47,Light,1,42.37,Smooth,75.73,23.75,Clay,Healthy
20.6,17.93,Light,1,73.83,Smooth,61.51,36.14,Clay,Healthy
40.71,11.78,Dark,1,40.47,Rough,49.37,29.79,Loamy,Unhealthy
44.29,13.43,Dark,0,31.28,Smooth,43.29,34.0,Sandy,Unhealthy
20.53,13.84,Dark,1,80.95,Rough,85.54,25.75,Loamy,Healthy
45.86,14.4,Dark,0,77.26,Rough,40.64,20.08,Loamy,Unhealthy
19.68,8.65,Light,1,83.11,Smooth,47.41,33.33,Clay,Healthy
20.86,6.31,Medium,0,57.96,Rough,66.88,31.11,Sandy,Healthy
17.25,22.29,Medium,1,68.34,Rough,71.07,32.99,Clay,Unhealthy
45.94,9.69,Light,0,49.06,Smooth,80.91,39.54,Sandy,Unhealthy
44.7,20.84,Dark,1,50.9,Rough,66.82,35.37,Clay,Unhealthy
13.7,20.92,Light,1,43.88,Smooth,67.43,33.58,Loamy,Unhealthy
28.37,20.63,Medium,1,32.79,Rough,87.21,23.92,Sandy,Unhealthy
25.04,16.06,Dark,0,35.48,Smooth,77.91,24.1,Loamy,Healthy
31.11,16.98,Medium,1,52.86,Rough,61.38,25.84,Clay,Healthy
15.02,19.11,Medium,1,43.92,Rough,82.85,23.66,Clay,Healthy
47.91,8.66,Light,1,57.61,Rough,71.07,37.1,Loamy,Unhealthy
41.21,18.49,Light,1,65.49,Rough,85.93,22.05,Clay,Unhealthy
39.02,17.63,Dark,1,83.05,Rough,60.22,22.78,Clay,Healthy
22.6,6.85,Medium,0,40.91,Rough,84.88,25.92,Clay,Healthy
30.76,16.58,Dark,1,89.85,Smooth,49.72,29.97,Loamy,Healthy
31.47,16.75,Dark,1,52.53,Rough,45.69,39.58,Clay,Unhealthy
10.96,24.62,Dark,1,30.46,Smooth,72.41,28.09,Clay,Healthy
39.62,22.0,Light,1,66.0,Smooth,56.85,33.09,Loamy,Unhealthy
48.22,11.18,Light,0,74.89,Rough,56.26,27.89,Sandy,Healthy
45.36,16.1,Dark,0,46.45,Rough,51.16,21.65,Loamy,Unhealthy
37.32,21.43,Light,0,84.9,Rough,68.87,25.17,Sandy,Healthy
49.27,10.11,Light,1,60.72,Rough,53.9,21.38,Loamy,Unhealthy
15.74,17.82,Medium,1,47.85,Smooth,68.11,34.74,Clay,Healthy
31.54,11.77,Dark,0,61.22,Rough,64.32,37.92,Sandy,Unhealthy
23.5,7.88,Dark,1,51.89,Smooth,55.61,23.41,Loamy,Unhealthy
31.53,11.58,Medium,1,76.93,Smooth,47.9,35.7,Sandy,Healthy
37.02,11.5,Dark,1,86.98,Rough,79.98,33.41,Clay,Healthy
44.33,17.15,Dark,1,67.73,Smooth,77.12,36.7,Loamy,Unhealthy
15.73,23.23,Light,0,55.98,Smooth,87.1,23.64,Clay,Unhealthy
25.24,7.55,Light,1,70.83,Smooth,67.31,37.52,Loamy,Unhealthy
30.72,15.26,Medium,0,39.53,Rough,69.46,35.12,Sandy,Unhealthy
43.54,6.7,Medium,0,32.11,Smooth,77.37,23.33,Sandy,Healthy
13.57,5.54,Medium,0,33.71,Smooth,81.0,39.75,Sandy,Healthy
33.31,15.85,Light,1,65.78,Rough,79.88,22.43,Loamy,Unhealthy
16.97,8.44,Light,0,82.27,Rough,51.94,34.95,Sandy,Healthy
11.95,14.04,Light,0,42.46,Rough,43.46,30.35,Sandy,Healthy
26.21,16.71,Medium,0,44.55,Rough,42.59,35.25,Clay,Healthy
38.44,11.68,Dark,1,43.17,Rough,81.91,38.52,Loamy,Healthy
28.62,9.36,Light,0,51.79,Rough,51.46,32.28,Loamy,Unhealthy
46.57,10.63,Dark,1,46.95,Rough,70.35,34.5,Loamy,Healthy
12.87,20.07,Light,0,68.86,Rough,56.14,25.8,Loamy,Unhealthy
43.09,15.43,Medium,0,36.81,Rough,66.63,26.41,Loamy,Healthy
26.4,22.28,Light,0,55.99,Rough,61.25,36.67,Clay,Healthy
40.38,6.55,Medium,0,74.85,Smooth,68.04,38.59,Clay,Unhealthy
11.41,18.56,Light,1,33.13,Rough,71.5,35.74,Clay,Healthy
28.63,19.48,Medium,0,62.49,Smooth,51.85,20.49,Loamy,Unhealthy
42.96,22.75,Dark,0,80.71,Rough,51.08,37.53,Loamy,Unhealthy
28.37,23.15,Dark,1,66.69,Smooth,89.8,24.78,Clay,Healthy
34.11,14.66,Medium,1,47.07,Rough,68.6,28.74,Loamy,Unhealthy
24.21,24.39,Medium,1,34.17,Smooth,61.65,32.2,Loamy,Unhealthy
21.16,22.6,Light,0,50.52,Rough,46.78,37.5,Sandy,Unhealthy
19.25,18.44,Light,0,63.08,Smooth,55.16,22.09,Clay,Unhealthy
15.6,12.06,Medium,0,53.02,Rough,47.55,38.2,Clay,Healthy
48.59,11.53,Medium,0,38.06,Smooth,84.58,21.56,Sandy,Unhealthy
46.68,8.47,Dark,0,47.95,Rough,58.13,20.12,Loamy,Healthy
43.61,14.61,Light,1,38.67,Rough,67.0,25.1,Clay,Healthy
27.03,11.66,Light,1,39.52,Smooth,62.9,23.6,Loamy,Healthy
35.91,9.6,Light,1,75.99,Smooth,55.49,31.72,Clay,Unhealthy
15.67,10.8,Medium,1,40.16,Rough,69.33,35.51,Clay,Healthy
27.01,9.68,Dark,1,76.57,Rough,56.24,39.53,Sandy,Unhealthy
45.81,17.24,Medium,0,41.25,Rough,51.54,32.15,Clay,Unhealthy
41.76,7.69,Medium,1,67.93,Smooth,51.62,23.61,Sandy,Unhealthy
35.63,11.05,Light,0,64.07,Rough,58.24,39.25,Sandy,Unhealthy
25.6,10.46,Dark,0,43.26,Rough,83.83,38.02,Loamy,Unhealthy
10.63,10.27,Light,0,56.22,Rough,61.76,26.41,Loamy,Healthy
24.98,15.73,Medium,1,54.12,Rough,64.53,22.72,Loamy,Unhealthy
39.67,9.12,Medium,1,70.84,Rough,68.53,21.57,Clay,Unhealthy
37.33,20.8,Light,1,53.59,Smooth,77.71,23.65,Clay,Healthy
35.52,7.26,Light,0,31.6,Smooth,41.25,30.28,Sandy,Healthy
39.91,23.27,Medium,0,46.82,Smooth,63.39,29.02,Clay,Healthy
32.18,9.26,Dark,0,36.51,Rough,55.35,22.03,Clay,Healthy
13.75,6.98,Medium,0,83.67,Smooth,78.69,22.89,Loamy,Healthy
48.94,21.06,Medium,1,36.5,Rough,58.67,37.77,Loamy,Unhealthy
25.94,13.39,Medium,1,82.02,Rough,68.29,24.07,Loamy,Unhealthy
47.64,20.83,Dark,1,69.94,Smooth,85.26,22.97,Loamy,Unhealthy
32.51,17.81,Light,1,81.96,Smooth,55.75,33.19,Clay,Healthy
26.91,14.29,Dark,0,61.15,Smooth,65.31,25.86,Loamy,Healthy
38.2,14.82,Light,0,87.48,Smooth,75.18,37.59,Sandy,Healthy
41.53,16.75,Dark,0,79.68,Rough,55.5,30.37,Clay,Healthy
13.86,9.26,Light,0,31.72,Rough,48.04,22.18,Sandy,Unhealthy
18.83,11.48,Dark,1,88.71,Rough,44.43,27.09,Sandy,Unhealthy
32.25,15.32,Medium,1,73.47,Smooth,73.54,32.82,Loamy,Healthy
14.54,10.62,Dark,0,41.55,Smooth,57.48,34.42,Loamy,Healthy
28.43,18.62,Dark,1,50.94,Rough,43.58,34.36,Clay,Unhealthy
40.7,11.94,Dark,1,45.75,Rough,63.37,31.58,Sandy,Healthy
29.66,15.54,Medium,0,84.58,Rough,54.96,38.93,Clay,Healthy
29.02,16.76,Dark,0,54.29,Rough,62.24,31.86,Clay,Healthy
18.22,20.91,Light,0,74.95,Smooth,40.8,39.21,Clay,Healthy
29.84,19.7,Dark,0,82.99,Rough,76.86,32.44,Sandy,Healthy
40.67,15.31,Light,0,38.3,Rough,50.63,26.07,Loamy,Healthy
12.1,7.77,Medium,0,65.32,Rough,60.25,38.86,Clay,Healthy
13.87,10.81,Light,1,71.14,Rough,83.39,34.31,Sandy,Healthy
39.8,10.45,Medium,0,87.35,Rough,67.26,30.06,Clay,Healthy
43.89,24.89,Medium,0,65.39,Rough,79.23,21.33,Loamy,Unhealthy
31.58,6.87,Dark,0,52.69,Rough,80.3,31.97,Clay,Unhealthy
25.91,17.85,Dark,1,51.9,Smooth,83.1,32.2,Sandy,Unhealthy
24.58,15.36,Dark,0,45.9,Rough,40.64,24.13,Loamy,Healthy
19.23,22.32,Medium,0,89.34,Rough,56.08,29.56,Sandy,Healthy
24.5,13.81,Light,0,69.03,Smooth,63.86,39.9,Sandy,Unhealthy
39.0,5.35,Dark,1,88.63,Rough,53.42,27.75,Clay,Healthy
32.19,24.76,Dark,1,69.18,Smooth,43.58,32.73,Loamy,Unhealthy
23.02,15.76,Medium,0,71.92,Smooth,50.61,30.4,Clay,Healthy
22.43,20.5,Dark,0,68.49,Rough,55.03,20.92,Clay,Healthy
45.62,20.23,Dark,0,64.04,Smooth,47.53,35.15,Sandy,Unhealthy
43.36,7.86,Dark,1,70.88,Rough,82.54,27.75,Sandy,Unhealthy
40.65,22.84,Light,0,82.62,Smooth,57.59,20.76,Loamy,Unhealthy
39.02,22.24,Light,1,39.06,Smooth,66.33,27.06,Loamy,Healthy
45.46,15.03,Light,0,66.74,Rough,55.07,20.59,Sandy,Healthy
12.79,8.44,Medium,1,85.4,Smooth,60.3,20.91,Clay,Healthy
13.03,23.67,Dark,0,81.91,Smooth,44.47,23.39,Clay,Unhealthy
23.55,14.5,Light,1,37.07,Smooth,89.65,31.16,Loamy,Healthy
10.03,24.98,Light,0,56.79,Smooth,77.82,37.74,Clay,Healthy
35.68,14.31,Dark,0,48.7,Rough,58.01,37.12,Loamy,Healthy
13.83,20.11,Medium,0,70.67,Smooth,45.07,27.51,Sandy,Healthy
10.64,5.08,Medium,1,47.62,Smooth,61.15,25.28,Clay,Unhealthy
47.11,6.08,Light,0,72.41,Smooth,68.82,28.25,Loamy,Healthy
46.97,21.64,Dark,1,73.41,Smooth,84.76,28.26,Loamy,Healthy
17.3,18.66,Dark,1,72.45,Rough,68.51,33.75,Loamy,Unhealthy
15.8,11.61,Dark,0,42.09,Rough,59.73,24.2,Clay,Healthy
31.57,21.77,Dark,0,55.94,Rough,48.23,21.72,Clay,Unhealthy
24.98,13.97,Light,0,41.73,Smooth,41.36,26.55,Clay,Unhealthy
26.14,13.92,Dark,0,55.51,Smooth,46.81,25.86,Sandy,Healthy
43.16,21.48,Medium,0,85.8,Rough,76.18,37.6,Clay,Healthy
45.74,15.62,Dark,0,42.69,Rough,41.82,32.23,Loamy,Unhealthy
25.44,14.04,Medium,1,31.04,Rough,66.59,39.98,Loamy,Healthy
40.25,8.22,Medium,0,85.41,Rough,60.39,29.24,Sandy,Healthy
47.74,14.26,Medium,0,61.88,Smooth,74.42,38.83,Loamy,Healthy
28.01,18.94,Medium,0,54.77,Smooth,62.19,35.02,Clay,Healthy
21.35,5.27,Dark,1,38.06,Rough,84.75,28.9,Clay,Unhealthy
14.16,6.75,Medium,0,64.93,Rough,43.85,23.96,Sandy,Healthy
43.4,13.2,Medium,1,70.82,Rough,43.83,23.33,Sandy,Healthy
22.17,22.21,Dark,0,85.7,Smooth,65.23,34.62,Clay,Healthy
23.71,21.69,Light,0,82.06,Smooth,61.71,37.17,Loamy,Healthy
40.48,7.12,Light,0,56.01,Smooth,60.31,35.1,Sandy,Unhealthy
27.7,8.4,Medium,0,36.74,Smooth,80.47,32.68,Sandy,Unhealthy
33.54,17.95,Dark,0,49.08,Rough,51.6,38.51,Loamy,Healthy
33.08,17.73,Light,0,70.58,Smooth,75.04,29.15,Loamy,Healthy
45.6,24.44,Dark,1,80.29,Rough,41.66,33.47,Loamy,Unhealthy
42.22,6.07,Light,0,77.01,Rough,70.22,27.9,Loamy,Healthy
20.72,17.74,Light,1,89.0,Smooth,41.53,37.99,Loamy,Unhealthy
47.86,6.44,Light,1,80.42,Rough,60.57,37.68,Loamy,Unhealthy
37.74,12.07,Dark,0,54.77,Smooth,87.3,20.81,Sandy,Unhealthy
33.72,20.42,Medium,1,83.41,Smooth,76.1,31.79,Sandy,Healthy
22.28,17.87,Medium,1,31.2,Rough,48.97,28.92,Sandy,Unhealthy
21.63,19.56,Dark,0,30.57,Rough,47.95,33.63,Sandy,Healthy
45.87,7.24,Medium,0,86.37,Rough,71.39,33.64,Clay,Healthy
43.9,19.21,Dark,1,46.15,Rough,80.06,24.38,Sandy,Healthy
12.57,21.28,Light,0,49.66,Rough,70.31,32.88,Clay,Unhealthy
31.83,15.24,Light,1,40.85,Rough,40.65,24.93,Clay,Unhealthy
24.25,23.71,Medium,1,76.72,Rough,63.73,21.03,Loamy,Healthy
38.03,8.46,Dark,1,33.35,Smooth,50.08,33.55,Sandy,Unhealthy
40.79,12.61,Light,1,72.46,Rough,40.52,35.39,Clay,Healthy
33.33,18.36,Dark,1,37.06,Smooth,40.61,33.56,Sandy,Healthy
40.74,6.97,Light,0,48.39,Rough,60.6,25.78,Sandy,Healthy
25.47,14.56,Light,0,48.08,Smooth,77.09,26.4,Loamy,Unhealthy
22.93,15.71,Medium,1,78.21,Smooth,51.5,24.03,Loamy,Healthy
37.65,16.5,Light,1,72.5,Rough,63.07,27.76,Clay,Healthy
19.56,10.72,Light,0,88.33,Rough,51.19,20.2,Loamy,Healthy
38.01,24.24,Light,1,38.74,Smooth,45.43,30.01,Loamy,Healthy
38.66,18.52,Light,1,44.73,Rough,69.32,27.76,Loamy,Unhealthy
29.52,10.4,Medium,0,50.12,Rough,48.9,39.43,Loamy,Unhealthy
33.37,20.45,Light,1,41.09,Smooth,89.36,32.98,Clay,Unhealthy
38.95,9.91,Medium,0,82.43,Smooth,57.92,31.41,Clay,Healthy
36.83,17.23,Medium,1,82.55,Rough,49.27,22.5,Loamy,Healthy
28.94,18.63,Light,1,62.44,Rough,41.03,25.84,Loamy,Healthy
13.3,16.38,Light,0,33.73,Smooth,87.41,21.16,Loamy,Healthy
42.14,17.85,Medium,1,84.3,Smooth,69.51,30.9,Loamy,Unhealthy
40.31,10.96,Dark,1,50.21,Rough,73.5,28.9,Sandy,Healthy
42.67,5.06,Medium,0,42.31,Smooth,75.89,24.91,Clay,Unhealthy
42.82,22.43,Medium,1,63.26,Smooth,45.47,26.97,Clay,Unhealthy
30.76,17.55,Dark,1,86.23,Smooth,83.69,33.77,Loamy,Unhealthy
12.57,11.39,Dark,0,45.93,Smooth,73.72,29.25,Clay,Healthy
31.33,10.51,Light,0,71.81,Smooth,75.59,28.83,Clay,Healthy
22.02,12.7,Light,0,89.81,Smooth,55.65,39.6,Sandy,Healthy
18.2,14.05,Medium,1,58.62,Smooth,42.97,31.64,Loamy,Healthy
33.65,13.28,Medium,0,76.39,Smooth,45.3,38.68,Sandy,Unhealthy
37.45,15.16,Dark,0,86.69,Smooth,72.46,39.67,Loamy,Healthy
31.23,23.85,Dark,0,86.0,Rough,44.91,28.9,Sandy,Healthy
25.15,15.88,Medium,0,79.68,Smooth,89.37,21.25,Sandy,Unhealthy
22.14,15.2,Light,0,44.0,Rough,54.38,22.68,Loamy,Unhealthy
41.62,23.12,Dark,0,45.65,Smooth,62.48,38.43,Sandy,Unhealthy
44.61,19.19,Light,1,42.45,Rough,43.92,35.79,Loamy,Unhealthy
36.69,14.9,Dark,0,67.21,Rough,56.34,26.28,Clay,Unhealthy
29.58,7.71,Light,1,84.69,Rough,52.4,20.43,Loamy,Unhealthy
35.66,13.95,Medium,1,54.36,Rough,79.3,22.42,Clay,Unhealthy
10.86,12.35,Medium,1,87.36,Rough,56.79,28.15,Sandy,Unhealthy
22.09,8.23,Dark,1,33.78,Rough,51.91,35.5,Sandy,Unhealthy
14.57,5.11,Medium,0,80.07,Smooth,68.06,25.04,Loamy,Healthy
42.76,14.56,Medium,1,66.18,Smooth,71.97,21.77,Sandy,Healthy
12.62,10.07,Dark,1,87.68,Rough,62.57,34.51,Sandy,Unhealthy
19.14,22.21,Dark,1,42.73,Smooth,60.04,28.71,Loamy,Unhealthy
46.37,15.51,Light,1,49.16,Smooth,51.68,38.13,Loamy,Unhealthy
26.1,13.78,Light,0,33.03,Rough,88.28,20.91,Sandy,Unhealthy
47.18,15.39,Dark,1,62.34,Smooth,76.33,36.65,Clay,Healthy
25.97,12.33,Light,0,83.15,Smooth,80.67,34.64,Loamy,Unhealthy
49.64,9.73,Medium,1,73.4,Smooth,60.68,22.29,Sandy,Unhealthy
18.07,10.26,Light,1,86.63,Rough,69.3,24.33,Clay,Healthy
42.77,19.36,Medium,1,65.75,Smooth,46.9,36.88,Clay,Unhealthy
33.02,13.45,Dark,1,52.97,Rough,76.49,23.29,Sandy,Healthy
22.05,22.49,Medium,0,32.46,Smooth,59.93,28.84,Loamy,Unhealthy
27.58,6.79,Light,0,56.46,Rough,89.71,28.13,Loamy,Healthy
20.63,24.67,Dark,1,61.96,Rough,74.57,39.47,Sandy,Unhealthy
31.49,6.54,Dark,0,69.48,Rough,73.32,33.41,Sandy,Healthy
15.6,14.12,Medium,1,47.55,Smooth,76.38,36.94,Clay,Unhealthy
44.41,15.45,Light,0,86.19,Rough,70.61,39.78,Sandy,Healthy
28.35,16.02,Dark,1,31.75,Rough,54.97,21.45,Clay,Unhealthy
35.43,8.58,Medium,0,88.35,Smooth,46.88,21.46,Clay,Unhealthy
20.04,5.87,Medium,0,70.31,Rough,72.83,22.33,Clay,Unhealthy
24.73,10.04,Medium,0,46.04,Rough,65.31,23.52,Loamy,Unhealthy
33.68,24.15,Light,1,55.83,Smooth,55.17,33.74,Loamy,Unhealthy
40.64,17.65,Light,1,50.5,Smooth,61.35,35.22,Clay,Healthy
36.98,24.48,Light,1,84.17,Smooth,77.86,20.24,Loamy,Healthy
26.2,7.86,Light,1,70.48,Rough,87.75,32.0,Clay,Unhealthy
39.11,15.7,Light,1,75.9,Rough,86.62,32.68,Loamy,Unhealthy
44.1,8.04,Medium,0,84.01,Rough,72.29,21.95,Clay,Unhealthy
48.98,24.99,Light,1,67.63,Smooth,44.71,35.85,Clay,Healthy
42.25,9.59,Light,0,68.03,Rough,41.61,38.55,Clay,Unhealthy
45.62,9.92,Light,1,39.29,Rough,46.86,38.3,Clay,Unhealthy
21.01,14.38,Dark,1,53.2,Smooth,47.43,29.21,Clay,Healthy
16.14,22.42,Medium,0,83.07,Smooth,69.81,25.86,Sandy,Healthy
47.93,15.23,Medium,0,54.9,Smooth,84.61,22.0,Clay,Unhealthy
31.53,23.49,Medium,1,55.27,Rough,76.37,22.03,Loamy,Healthy
29.09,5.97,Medium,0,41.33,Rough,42.52,22.69,Clay,Unhealthy
18.77,15.47,Dark,0,53.37,Rough,62.8,21.85,Sandy,Healthy
41.57,23.76,Dark,0,31.5,Rough,56.15,30.6,Sandy,Unhealthy
36.73,23.33,Dark,0,64.08,Smooth,76.28,33.91,Loamy,Healthy
48.8,10.69,Light,1,60.97,Smooth,52.15,25.74,Sandy,Unhealthy
47.65,21.61,Light,1,72.17,Rough,54.38,27.69,Sandy,Unhealthy
49.07,24.03,Dark,1,87.4,Rough,71.8,30.17,Loamy,Healthy
29.6,21.11,Medium,1,86.92,Smooth,76.27,25.66,Clay,Healthy
27.71,19.1,Medium,0,62.43,Rough,89.86,23.51,Sandy,Unhealthy
32.7,19.54,Medium,0,71.24,Smooth,63.04,25.74,Sandy,Unhealthy
45.88,22.52,Light,0,58.28,Rough,86.93,39.9,Sandy,Unhealthy
24.73,16.1,Medium,1,47.32,Rough,75.35,24.93,Sandy,Healthy
35.52,16.11,Dark,0,75.34,Rough,87.42,36.43,Loamy,Healthy
19.37,18.28,Medium,0,89.09,Rough,86.83,36.42,Loamy,Unhealthy
32.41,7.65,Medium,0,65.73,Smooth,66.14,20.14,Loamy,Unhealthy
18.6,19.21,Light,0,48.79,Rough,49.36,36.93,Clay,Healthy
40.49,7.33,Dark,0,48.08,Smooth,78.44,20.32,Sandy,Unhealthy
24.41,20.82,Medium,1,34.95,Smooth,68.52,34.2,Sandy,Healthy
49.41,20.07,Light,0,70.48,Smooth,47.48,24.03,Sandy,Unhealthy
41.91,17.79,Dark,0,69.91,Smooth,40.1,20.55,Loamy,Unhealthy
16.39,19.72,Light,0,53.12,Rough,88.16,29.13,Clay,Healthy
16.31,13.84,Medium,1,60.59,Rough,66.34,34.5,Loamy,Unhealthy
37.55,13.39,Dark,0,74.68,Rough,71.45,28.49,Clay,Healthy
43.71,7.85,Light,0,81.3,Smooth,56.17,23.46,Sandy,Healthy
38.43,11.22,Medium,0,53.29,Smooth,46.32,37.25,Sandy,Unhealthy
42.31,15.05,Dark,0,39.98,Rough,46.76,38.88,Clay,Healthy
44.38,17.01,Dark,0,84.03,Smooth,76.69,26.64,Sandy,Healthy
40.05,21.78,Dark,0,56.86,Smooth,86.35,27.46,Sandy,Unhealthy
17.04,21.57,Medium,0,84.72,Rough,49.02,31.27,Loamy,Unhealthy
42.89,16.53,Dark,0,54.0,Rough,66.12,39.25,Loamy,Healthy
38.99,20.79,Light,0,53.04,Smooth,83.42,30.86,Sandy,Healthy
14.14,5.37,Dark,1,80.05,Rough,56.21,38.7,Clay,Healthy
31.93,22.84,Light,0,82.79,Smooth,48.86,23.51,Clay,Healthy
13.91,18.95,Medium,1,30.4,Rough,75.99,21.71,Clay,Healthy
34.24,17.5,Dark,1,75.67,Rough,84.54,23.16,Clay,Unhealthy
24.55,22.72,Light,1,78.67,Smooth,57.62,38.05,Sandy,Unhealthy
30.33,18.56,Light,0,78.0,Smooth,64.87,32.88,Loamy,Healthy
29.11,23.11,Medium,0,34.02,Rough,69.81,28.71,Sandy,Unhealthy
39.62,21.91,Medium,1,48.24,Rough,40.94,21.58,Sandy,Unhealthy
36.82,9.3,Dark,0,53.5,Rough,80.78,26.51,Loamy,Healthy
17.38,14.41,Medium,1,54.71,Rough,60.7,39.12,Loamy,Healthy
36.36,10.43,Medium,1,31.39,Smooth,51.4,23.32,Clay,Healthy
35.64,23.79,Dark,1,53.78,Rough,62.38,26.53,Sandy,Healthy
40.96,18.07,Dark,1,68.28,Rough,46.43,23.8,Loamy,Unhealthy
48.13,24.08,Light,0,75.75,Rough,75.76,24.35,Loamy,Healthy
37.34,16.32,Medium,0,80.43,Smooth,76.01,23.52,Sandy,Healthy
12.28,8.81,Light,0,62.5,Smooth,56.36,30.69,Sandy,Healthy
28.84,20.41,Medium,1,44.34,Smooth,86.18,22.3,Clay,Healthy
17.43,18.07,Light,1,88.18,Rough,57.09,23.75,Clay,Healthy
20.9,22.56,Light,1,50.9,Smooth,52.23,23.27,Loamy,Healthy
25.82,18.66,Light,1,41.73,Smooth,56.59,22.53,Sandy,Unhealthy
12.1,23.61,Dark,1,77.56,Rough,73.86,34.68,Sandy,Unhealthy
34.47,5.82,Dark,0,34.24,Smooth,60.45,23.43,Clay,Unhealthy
11.92,11.79,Light,1,80.48,Rough,73.02,39.48,Sandy,Unhealthy
39.03,16.74,Light,0,67.9,Smooth,45.12,20.01,Loamy,Healthy
47.21,14.7,Medium,0,51.98,Smooth,88.17,33.72,Sandy,Healthy
38.36,17.77,Medium,1,52.62,Smooth,69.86,33.74,Loamy,Unhealthy
49.54,24.91,Dark,0,61.57,Smooth,79.28,27.9,Clay,Healthy
17.77,7.83,Medium,1,72.92,Rough,83.27,34.85,Clay,Healthy
15.29,24.54,Medium,0,48.14,Smooth,45.57,25.68,Clay,Unhealthy
37.75,21.27,Medium,1,60.55,Rough,56.62,22.97,Loamy,Healthy
23.38,16.63,Light,1,63.85,Rough,68.96,34.58,Sandy,Unhealthy
16.21,19.81,Light,1,72.84,Rough,54.51,24.64,Loamy,Unhealthy
45.71,13.63,Medium,0,67.08,Smooth,73.1,24.47,Loamy,Healthy
15.44,12.39,Medium,1,50.07,Smooth,69.07,23.32,Loamy,Unhealthy
13.12,6.7,Medium,1,67.64,Rough,61.99,28.8,Sandy,Unhealthy
34.37,11.72,Light,0,51.23,Rough,89.92,34.43,Clay,Healthy
28.49,8.31,Light,0,36.68,Rough,55.82,25.48,Sandy,Unhealthy
48.63,23.69,Dark,0,37.38,Rough,54.91,22.1,Sandy,Healthy
16.77,14.87,Medium,1,83.5,Rough,56.36,35.4,Loamy,Unhealthy
11.21,11.21,Dark,1,62.02,Rough,89.07,38.83,Loamy,Healthy
36.93,14.34,Light,1,34.41,Rough,49.82,30.27,Sandy,Healthy
45.94,19.54,Dark,0,37.3,Rough,49.47,38.55,Clay,Unhealthy
47.02,8.1,Light,1,34.25,Rough,73.72,37.1,Sandy,Unhealthy
35.23,19.33,Medium,0,52.54,Smooth,58.33,32.47,Loamy,Unhealthy
40.08,12.95,Medium,1,71.35,Rough,71.21,37.2,Clay,Healthy
29.33,20.65,Medium,1,51.48,Smooth,50.13,24.53,Sandy,Healthy
38.14,11.5,Medium,1,84.28,Rough,58.38,33.01,Loamy,Healthy
49.76,9.16,Dark,1,83.21,Smooth,66.26,25.99,Clay,Healthy
47.18,22.54,Dark,1,70.9,Smooth,45.7,21.97,Clay,Unhealthy
23.6,7.37,Dark,1,47.86,Smooth,40.15,25.38,Loamy,Healthy
42.47,16.42,Medium,1,63.29,Smooth,89.79,37.64,Loamy,Unhealthy
48.05,17.36,Light,0,86.47,Rough,70.64,31.38,Sandy,Unhealthy
13.96,17.16,Dark,0,37.63,Smooth,82.96,25.94,Loamy,Healthy
44.81,24.63,Light,0,77.81,Rough,48.65,22.74,Sandy,Healthy
42.52,9.38,Dark,1,45.6,Rough,62.93,24.41,Sandy,Healthy
37.74,6.37,Light,1,64.7,Rough,83.63,30.36,Sandy,Unhealthy
32.79,16.14,Light,0,68.64,Rough,71.17,23.8,Clay,Unhealthy
12.38,19.09,Dark,0,48.48,Smooth,41.93,36.8,Loamy,Unhealthy
45.15,14.49,Dark,0,49.46,Rough,83.6,39.41,Clay,Healthy
29.35,13.82,Medium,1,36.82,Rough,43.84,24.98,Clay,Unhealthy
44.65,7.19,Light,0,37.39,Smooth,59.11,21.86,Loamy,Healthy
10.8,19.43,Light,0,66.81,Rough,62.63,23.31,Clay,Healthy
12.99,16.48,Dark,0,37.37,Rough,53.2,23.74,Loamy,Unhealthy
47.76,15.91,Light,1,35.46,Smooth,82.39,36.23,Loamy,Unhealthy
26.55,24.59,Dark,1,63.52,Smooth,78.98,21.53,Clay,Healthy
23.72,20.53,Light,1,40.68,Smooth,84.13,27.78,Sandy,Healthy
39.83,11.15,Medium,1,67.82,Smooth,48.98,21.41,Sandy,Unhealthy
27.2,9.8,Light,0,48.24,Smooth,43.08,29.34,Sandy,Healthy
49.76,11.05,Dark,0,70.01,Smooth,56.72,36.51,Sandy,Unhealthy
19.41,8.55,Dark,1,34.71,Rough,69.26,24.96,Loamy,Unhealthy
42.2,21.03,Dark,1,57.95,Smooth,49.39,39.91,Sandy,Healthy
13.58,5.93,Medium,1,85.25,Rough,47.77,28.3,Clay,Unhealthy
18.7,9.3,Light,1,75.49,Rough,87.94,26.13,Clay,Unhealthy
22.15,7.18,Light,1,48.45,Rough,80.38,23.98,Loamy,Unhealthy
14.62,8.56,Dark,1,78.89,Smooth,89.53,24.18,Clay,Unhealthy
38.87,5.01,Dark,1,71.57,Smooth,44.86,29.19,Loamy,Healthy
33.65,12.59,Light,1,54.5,Rough,43.51,37.15,Sandy,Healthy
15.45,19.76,Dark,1,75.76,Smooth,44.86,38.16,Sandy,Healthy
12.79,10.97,Light,1,67.86,Smooth,51.58,31.68,Sandy,Healthy
26.96,8.15,Medium,0,59.75,Rough,89.67,26.45,Clay,Unhealthy
49.04,14.95,Medium,1,72.15,Smooth,59.51,33.19,Sandy,Unhealthy
22.64,6.05,Dark,0,78.85,Smooth,63.81,28.02,Loamy,Unhealthy
16.91,18.71,Dark,0,79.73,Rough,74.08,22.71,Loamy,Unhealthy
19.94,10.5,Dark,0,84.37,Rough,46.8,26.2,Loamy,Unhealthy
10.82,20.46,Dark,0,62.21,Rough,79.65,26.52,Loamy,Healthy
39.0,22.55,Light,1,71.17,Rough,46.19,30.47,Clay,Unhealthy
13.21,16.15,Dark,0,77.51,Rough,70.23,26.44,Sandy,Unhealthy
22.98,5.45,Light,0,36.09,Rough,48.01,29.1,Sandy,Healthy
34.44,19.03,Light,0,57.95,Smooth,75.29,25.68,Sandy,Healthy
22.81,23.07,Light,1,87.46,Rough,84.18,35.19,Loamy,Healthy
30.77,10.25,Dark,1,55.33,Rough,59.93,23.87,Sandy,Unhealthy
45.62,10.27,Medium,0,36.19,Smooth,55.23,32.68,Sandy,Healthy
33.83,8.08,Dark,1,44.73,Rough,61.41,25.57,Sandy,Healthy
15.23,12.56,Medium,0,70.29,Smooth,64.99,37.2,Sandy,Unhealthy
28.5,17.17,Medium,0,32.17,Rough,71.37,33.55,Loamy,Healthy
14.72,9.53,Medium,1,60.68,Rough,67.66,39.29,Clay,Healthy
30.22,21.67,Light,0,47.86,Smooth,66.48,22.08,Sandy,Healthy
46.22,7.1,Medium,1,76.7,Smooth,68.63,38.81,Sandy,Unhealthy
16.39,8.23,Light,0,84.57,Smooth,64.88,24.51,Clay,Unhealthy
25.21,9.4,Light,1,84.59,Rough,84.2,39.17,Clay,Unhealthy
10.66,10.6,Dark,0,36.51,Rough,70.35,26.82,Clay,Healthy
39.4,19.6,Medium,1,71.0,Rough,69.84,34.3,Sandy,Healthy
12.45,5.98,Medium,0,31.2,Rough,76.83,35.04,Clay,Healthy
15.77,13.98,Dark,0,80.66,Rough,60.21,34.33,Loamy,Healthy
15.05,14.04,Dark,0,49.62,Smooth,44.28,23.11,Sandy,Unhealthy
41.3,9.27,Medium,1,60.12,Smooth,53.59,25.68,Clay,Unhealthy
47.99,17.69,Dark,0,69.5,Smooth,75.5,25.49,Sandy,Unhealthy
13.67,7.82,Medium,1,36.28,Rough,89.07,32.4,Sandy,Unhealthy
28.58,22.1,Medium,0,40.14,Smooth,57.11,27.43,Clay,Healthy
12.2,12.8,Medium,1,41.32,Smooth,56.04,31.98,Clay,Healthy
16.88,11.25,Light,1,58.2,Rough,75.33,38.62,Loamy,Healthy
49.74,18.68,Dark,1,55.6,Smooth,48.1,29.99,Loamy,Unhealthy
49.04,6.23,Medium,1,76.13,Smooth,45.53,22.84,Sandy,Unhealthy
48.89,13.51,Dark,0,38.02,Smooth,66.91,20.55,Clay,Unhealthy
26.58,24.47,Medium,1,81.42,Smooth,70.6,26.18,Loamy,Unhealthy
35.9,13.62,Dark,1,61.14,Smooth,42.37,30.16,Sandy,Unhealthy
13.32,14.19,Dark,0,41.58,Smooth,70.76,28.1,Loamy,Unhealthy
15.37,6.68,Light,0,34.27,Smooth,48.33,38.48,Sandy,Healthy
36.1,22.08,Medium,1,48.14,Smooth,50.68,21.43,Clay,Unhealthy
39.57,6.71,Dark,0,30.64,Smooth,88.26,22.88,Clay,Healthy
15.16,7.43,Medium,1,71.57,Rough,66.35,39.58,Sandy,Unhealthy
45.26,19.35,Light,0,51.83,Rough,68.29,29.68,Clay,Unhealthy
27.99,21.5,Light,0,59.59,Smooth,84.1,32.99,Loamy,Unhealthy
48.17,7.88,Dark,1,45.17,Smooth,55.73,20.13,Sandy,Healthy
10.74,7.91,Dark,0,69.93,Smooth,79.73,30.25,Clay,Unhealthy
23.64,15.82,Light,0,43.76,Smooth,88.41,36.33,Sandy,Unhealthy
11.19,18.2,Dark,0,50.18,Smooth,81.08,28.82,Clay,Healthy
43.76,14.56,Dark,0,64.72,Smooth,42.15,27.74,Loamy,Unhealthy
30.69,21.53,Medium,0,78.47,Smooth,41.81,31.65,Sandy,Unhealthy
18.51,22.4,Medium,0,79.56,Rough,45.41,37.11,Sandy,Healthy
31.65,20.05,Medium,1,82.13,Rough,61.64,30.3,Loamy,Unhealthy
35.96,22.44,Dark,0,33.17,Rough,50.55,36.71,Sandy,Unhealthy
34.6,16.37,Dark,1,45.56,Smooth,54.16,33.35,Clay,Unhealthy
49.31,11.59,Medium,0,33.5,Smooth,44.09,28.29,Loamy,Unhealthy
43.63,8.93,Dark,0,80.79,Smooth,57.59,30.04,Loamy,Healthy
19.45,12.83,Light,1,49.35,Smooth,83.54,28.26,Sandy,Healthy
17.02,24.27,Dark,0,76.68,Rough,81.31,27.17,Sandy,Healthy
15.1,19.1,Light,0,88.62,Rough,46.24,23.56,Sandy,Healthy
27.79,6.01,Light,1,53.79,Smooth,53.99,24.33,Loamy,Unhealthy
41.34,9.62,Medium,1,80.36,Rough,83.38,27.47,Clay,Healthy
23.43,10.77,Light,1,39.4,Smooth,79.01,26.72,Sandy,Healthy
28.59,5.4,Dark,0,49.14,Smooth,66.29,28.05,Loamy,Unhealthy
46.94,19.8,Medium,0,88.15,Smooth,63.77,35.45,Loamy,Unhealthy
14.4,9.5,Light,1,48.02,Smooth,73.23,21.08,Sandy,Unhealthy
25.28,17.86,Medium,1,35.77,Smooth,89.23,26.78,Sandy,Unhealthy
35.95,10.23,Dark,0,72.31,Rough,60.43,36.91,Clay,Healthy
12.4,17.45,Dark,1,84.31,Smooth,60.71,26.7,Sandy,Healthy
23.97,11.37,Dark,1,57.4,Smooth,78.17,35.22,Sandy,Unhealthy
42.07,16.08,Medium,0,61.59,Rough,65.08,37.94,Loamy,Healthy
43.12,10.27,Dark,0,51.98,Smooth,76.67,27.0,Clay,Unhealthy
31.64,13.12,Dark,0,62.99,Rough,84.45,39.32,Loamy,Unhealthy
16.24,21.61,Dark,1,36.46,Smooth,40.12,31.13,Loamy,Unhealthy
36.89,10.74,Medium,0,45.59,Smooth,46.04,31.74,Loamy,Unhealthy
40.12,17.76,Light,1,81.68,Smooth,63.96,35.12,Loamy,Healthy
19.73,19.39,Medium,0,37.82,Smooth,74.68,32.27,Sandy,Unhealthy
13.25,23.85,Medium,1,48.12,Rough,76.28,32.1,Loamy,Healthy
18.29,18.76,Light,0,41.9,Smooth,57.79,22.5,Clay,Healthy
31.74,5.83,Light,0,89.24,Rough,70.9,35.57,Sandy,Unhealthy
22.07,18.74,Medium,0,89.34,Rough,43.98,23.75,Clay,Healthy
15.05,24.39,Medium,1,77.36,Rough,58.02,22.14,Clay,Healthy
30.55,18.45,Medium,1,36.25,Smooth,84.26,25.39,Loamy,Healthy
33.84,5.43,Dark,0,46.24,Smooth,66.03,35.4,Sandy,Healthy
38.66,21.35,Medium,1,49.35,Smooth,45.87,20.04,Sandy,Healthy
35.99,24.46,Medium,1,46.13,Rough,89.76,37.88,Sandy,Healthy
43.35,19.39,Medium,0,37.55,Rough,81.31,25.61,Clay,Unhealthy
32.94,23.7,Medium,0,44.31,Smooth,63.78,39.56,Loamy,Healthy
23.76,14.22,Dark,0,50.83,Rough,66.97,22.03,Sandy,Unhealthy
22.87,5.94,Medium,0,61.71,Rough,51.57,34.77,Clay,Unhealthy
14.16,5.4,Dark,1,86.9,Smooth,50.98,36.42,Sandy,Healthy
23.0,9.23,Medium,1,72.33,Smooth,48.76,35.7,Loamy,Unhealthy
44.52,13.78,Dark,0,87.32,Rough,61.11,33.99,Loamy,Healthy
48.38,5.52,Dark,1,89.34,Rough,68.83,21.46,Sandy,Healthy
33.4,13.3,Light,0,45.82,Smooth,71.12,33.95,Loamy,Unhealthy
27.03,20.51,Dark,1,72.23,Rough,54.85,20.44,Loamy,Healthy
34.81,14.2,Medium,0,79.43,Smooth,69.84,22.98,Sandy,Unhealthy
37.87,8.33,Light,0,31.98,Smooth,66.79,37.08,Clay,Unhealthy
19.78,12.79,Light,0,41.55,Rough,51.93,20.91,Sandy,Unhealthy
13.48,16.97,Light,1,66.1,Smooth,43.42,38.04,Loamy,Healthy
27.18,13.94,Light,1,46.57,Rough,87.35,29.4,Sandy,Unhealthy
45.26,9.88,Medium,1,69.56,Rough,48.1,38.76,Clay,Unhealthy
49.34,18.71,Dark,0,76.54,Smooth,60.57,39.6,Loamy,Unhealthy
19.35,10.08,Medium,1,32.82,Smooth,54.43,26.24,Loamy,Healthy
26.96,19.31,Medium,1,81.65,Smooth,45.51,23.31,Loamy,Unhealthy
30.77,10.41,Dark,1,67.88,Smooth,42.15,21.14,Clay,Unhealthy
46.76,12.4,Dark,1,70.38,Rough,82.88,31.35,Sandy,Healthy
47.66,5.09,Dark,1,44.32,Smooth,70.04,30.69,Loamy,Unhealthy
40.78,18.72,Dark,1,78.51,Rough,41.57,25.0,Clay,Healthy
35.54,17.99,Light,0,38.38,Smooth,63.78,23.41,Sandy,Unhealthy
23.12,23.21,Light,1,62.66,Smooth,87.29,24.02,Clay,Unhealthy
42.83,12.38,Dark,1,80.88,Rough,40.81,38.66,Clay,Unhealthy
21.67,17.51,Medium,0,62.83,Smooth,45.99,35.98,Sandy,Healthy
21.59,16.47,Dark,1,83.67,Smooth,56.26,38.6,Loamy,Healthy
15.66,16.34,Medium,0,84.2,Rough,72.21,35.23,Loamy,Healthy
29.18,24.03,Medium,1,67.23,Rough,65.23,34.5,Sandy,Unhealthy
36.39,23.73,Medium,0,86.78,Rough,73.94,28.06,Loamy,Unhealthy
28.78,18.87,Dark,0,37.75,Smooth,77.75,31.86,Sandy,Unhealthy
45.72,8.54,Medium,0,76.21,Rough,69.73,32.41,Clay,Unhealthy
49.24,21.41,Dark,0,83.33,Smooth,77.66,24.52,Clay,Unhealthy
28.33,8.42,Dark,1,37.44,Smooth,82.75,20.75,Sandy,Healthy
31.25,11.03,Medium,0,89.37,Smooth,46.93,39.04,Loamy,Unhealthy
32.03,19.42,Light,0,49.87,Rough,67.4,23.77,Clay,Unhealthy
35.13,12.9,Dark,1,81.91,Rough,61.06,33.2,Sandy,Healthy
48.01,16.89,Medium,0,40.14,Rough,56.71,25.54,Clay,Healthy
42.87,22.21,Dark,0,53.08,Smooth,75.19,24.94,Loamy,Healthy
11.6,24.68,Medium,0,89.96,Rough,80.64,21.89,Sandy,Healthy
22.59,19.93,Light,0,61.47,Rough,74.8,25.99,Loamy,Unhealthy
33.95,20.91,Light,0,80.12,Smooth,82.34,30.48,Sandy,Unhealthy
24.37,23.32,Dark,0,52.26,Smooth,49.22,37.93,Loamy,Healthy
14.84,16.75,Light,0,44.24,Rough,75.46,30.08,Loamy,Healthy
41.15,15.2,Dark,1,81.57,Rough,69.98,25.34,Loamy,Healthy
38.13,11.34,Medium,0,36.22,Rough,61.04,20.99,Clay,Unhealthy
34.14,6.24,Dark,0,47.63,Rough,76.6,37.6,Clay,Unhealthy
21.18,17.3,Dark,1,45.87,Smooth,51.89,25.69,Loamy,Unhealthy
28.76,17.45,Medium,0,47.17,Rough,63.65,22.48,Loamy,Healthy
34.74,13.63,Medium,0,57.56,Smooth,87.4,38.49,Sandy,Unhealthy
22.05,15.66,Dark,1,81.25,Smooth,43.47,21.94,Clay,Healthy
18.45,5.82,Medium,1,82.2,Rough,59.34,24.2,Loamy,Unhealthy
17.4,13.98,Medium,0,37.81,Rough,84.35,24.48,Sandy,Healthy
31.51,13.96,Dark,0,55.23,Rough,82.24,38.57,Clay,Unhealthy
48.57,13.82,Light,0,48.82,Smooth,85.27,28.62,Sandy,Healthy
19.16,21.1,Dark,0,46.49,Smooth,44.22,34.28,Clay,Healthy
12.28,18.21,Medium,1,70.29,Rough,65.78,24.26,Sandy,Unhealthy
37.09,13.59,Light,1,71.58,Rough,69.68,35.51,Loamy,Unhealthy
41.18,12.37,Medium,1,52.5,Rough,84.09,24.65,Loamy,Healthy
31.96,19.59,Light,0,61.57,Smooth,88.31,34.08,Clay,Unhealthy
35.02,23.94,Light,0,51.24,Rough,48.67,38.55,Loamy,Unhealthy
44.52,19.94,Dark,1,60.06,Smooth,60.94,21.08,Loamy,Unhealthy
17.96,23.73,Dark,1,73.34,Rough,74.86,20.82,Clay,Healthy
29.05,10.4,Light,0,75.27,Rough,75.17,25.2,Sandy,Unhealthy
45.04,23.46,Medium,0,63.39,Smooth,40.18,36.32,Sandy,Healthy
25.25,13.07,Light,1,32.3,Smooth,54.17,30.52,Loamy,Unhealthy
16.6,23.99,Light,1,67.3,Smooth,75.27,31.69,Clay,Unhealthy
12.7,16.94,Medium,0,89.98,Smooth,64.97,23.66,Sandy,Unhealthy
23.73,17.5,Light,0,82.88,Rough,43.72,39.61,Sandy,Unhealthy
39.24,9.86,Medium,1,59.73,Smooth,56.22,28.06,Loamy,Healthy
27.6,14.52,Medium,0,44.66,Smooth,83.45,21.08,Loamy,Healthy
36.57,5.98,Light,1,36.82,Rough,84.27,29.29,Loamy,Unhealthy
30.86,23.32,Light,1,44.51,Smooth,86.16,37.58,Loamy,Healthy
22.42,23.84,Medium,1,65.97,Smooth,75.75,23.72,Loamy,Unhealthy
40.15,13.09,Dark,1,66.0,Rough,84.37,32.68,Sandy,Healthy
38.7,11.68,Light,1,79.75,Smooth,54.14,24.14,Clay,Healthy
36.09,13.81,Dark,0,40.98,Smooth,42.38,33.55,Loamy,Unhealthy
34.76,5.98,Medium,1,87.39,Smooth,66.03,23.17,Clay,Unhealthy
18.76,6.74,Light,0,72.31,Rough,74.28,39.62,Sandy,Unhealthy
27.87,23.62,Medium,1,76.36,Rough,58.27,23.45,Clay,Healthy
13.68,14.02,Medium,0,72.38,Rough,89.61,22.71,Sandy,Healthy
29.62,15.95,Medium,0,53.12,Rough,42.38,29.8,Sandy,Healthy
30.33,23.61,Dark,0,62.84,Smooth,71.12,31.14,Loamy,Unhealthy
37.93,18.02,Light,1,66.37,Smooth,69.47,33.52,Loamy,Healthy
36.27,5.63,Dark,0,30.63,Rough,89.2,31.61,Clay,Unhealthy
47.07,23.77,Light,1,51.76,Smooth,66.89,29.83,Sandy,Unhealthy
33.45,23.21,Dark,0,43.81,Rough,78.44,25.86,Sandy,Healthy
45.1,9.23,Dark,0,34.54,Rough,42.92,30.71,Sandy,Healthy
42.65,5.01,Light,0,66.32,Smooth,49.78,31.97,Sandy,Unhealthy
31.62,15.59,Light,0,68.92,Rough,48.24,38.39,Loamy,Healthy
39.28,8.57,Medium,0,78.02,Smooth,88.94,34.03,Loamy,Unhealthy
45.73,20.6,Dark,0,78.67,Smooth,86.18,25.38,Loamy,Healthy
10.93,14.7,Medium,0,30.04,Rough,77.2,21.77,Sandy,Unhealthy
40.7,11.74,Medium,0,34.65,Rough,44.98,38.7,Clay,Healthy
42.07,13.54,Dark,0,41.17,Rough,49.74,32.05,Sandy,Healthy
40.45,12.75,Medium,0,51.64,Smooth,58.51,22.18,Loamy,Healthy
26.33,13.63,Medium,1,75.77,Rough,82.19,28.58,Sandy,Unhealthy
35.85,24.3,Light,0,31.57,Rough,40.76,39.38,Sandy,Unhealthy
22.29,21.44,Medium,1,88.86,Smooth,48.25,37.92,Loamy,Healthy
45.36,15.87,Dark,0,76.23,Smooth,84.99,23.96,Clay,Unhealthy
46.79,11.33,Medium,0,89.73,Rough,68.7,37.83,Clay,Unhealthy
25.48,15.5,Light,0,35.06,Smooth,45.4,38.77,Loamy,Unhealthy
32.47,5.57,Light,1,48.47,Smooth,78.1,38.19,Loamy,Healthy
45.66,11.51,Dark,0,85.98,Smooth,70.61,38.95,Sandy,Healthy
20.23,19.46,Medium,0,50.88,Smooth,88.56,28.51,Sandy,Healthy
39.24,23.04,Medium,1,46.46,Rough,66.09,39.66,Sandy,Healthy
32.96,23.91,Light,1,56.66,Rough,44.13,20.56,Loamy,Unhealthy
46.95,9.36,Medium,1,48.18,Smooth,65.12,36.92,Loamy,Unhealthy
44.87,14.34,Light,1,53.16,Rough,68.4,34.97,Clay,Unhealthy
46.91,22.64,Light,0,44.81,Smooth,75.48,35.52,Clay,Healthy
41.57,21.19,Medium,1,47.64,Smooth,63.52,31.18,Clay,Unhealthy
12.89,9.9,Light,0,38.17,Rough,49.32,20.34,Sandy,Unhealthy
36.92,10.19,Dark,0,36.47,Rough,70.86,28.27,Loamy,Healthy
20.55,14.37,Light,0,83.56,Smooth,65.13,38.74,Sandy,Healthy
13.7,22.01,Medium,0,67.77,Rough,49.16,32.16,Clay,Healthy
25.08,6.62,Light,0,66.14,Rough,68.04,38.95,Loamy,Healthy
37.12,23.33,Dark,0,67.45,Smooth,66.86,21.86,Sandy,Unhealthy
18.36,13.95,Light,0,68.24,Smooth,74.68,22.7,Clay,Unhealthy
34.35,20.18,Dark,0,62.13,Rough,84.95,22.06,Loamy,Unhealthy
27.55,24.55,Medium,1,46.19,Smooth,68.28,24.45,Loamy,Healthy
39.96,13.33,Light,1,89.72,Smooth,76.74,25.28,Loamy,Healthy
33.99,12.56,Dark,0,50.24,Smooth,83.35,22.23,Sandy,Unhealthy
43.66,23.89,Medium,0,55.71,Smooth,43.96,26.71,Sandy,Unhealthy
44.55,16.73,Medium,0,36.13,Rough,46.34,23.38,Sandy,Healthy
42.5,18.35,Light,0,53.46,Rough,41.51,29.65,Clay,Unhealthy
10.86,17.08,Light,1,35.66,Smooth,78.88,27.74,Clay,Unhealthy
27.59,15.13,Dark,1,81.7,Smooth,74.49,31.47,Clay,Unhealthy
32.04,8.61,Light,0,84.64,Rough,59.46,22.27,Sandy,Unhealthy
29.47,11.41,Dark,0,64.06,Rough,57.32,36.35,Clay,Unhealthy
45.69,17.37,Light,0,55.5,Smooth,83.44,32.91,Clay,Unhealthy
11.06,15.44,Light,1,69.17,Smooth,85.27,30.43,Sandy,Healthy
13.12,19.73,Dark,0,73.87,Rough,41.56,38.06,Clay,Healthy
31.0,21.31,Dark,1,44.88,Rough,75.35,30.67,Sandy,Healthy
17.75,20.36,Dark,1,57.19,Smooth,55.61,32.23,Loamy,Healthy
38.99,20.56,Medium,0,84.59,Rough,65.58,32.04,Clay,Healthy
24.14,19.51,Light,0,77.03,Smooth,86.0,29.23,Sandy,Unhealthy
15.09,5.97,Medium,1,37.13,Smooth,88.08,32.96,Sandy,Unhealthy
29.55,16.01,Medium,0,71.22,Rough,80.9,23.97,Sandy,Unhealthy
27.8,12.26,Dark,0,69.53,Rough,88.62,21.21,Clay,Healthy
26.98,19.69,Dark,0,36.0,Smooth,74.32,38.72,Clay,Unhealthy
48.12,24.37,Medium,0,30.84,Rough,43.41,34.54,Sandy,Healthy
37.79,22.28,Light,1,87.86,Smooth,65.53,23.6,Clay,Unhealthy
21.54,11.8,Medium,0,70.37,Rough,86.85,33.81,Loamy,Unhealthy
40.29,5.97,Medium,0,30.52,Smooth,42.72,36.08,Loamy,Unhealthy
32.44,5.72,Light,0,68.95,Rough,57.04,30.13,Clay,Healthy
28.88,14.72,Dark,1,37.39,Smooth,43.52,34.01,Clay,Unhealthy
19.7,24.4,Medium,0,60.72,Rough,70.75,34.2,Sandy,Healthy
19.9,7.48,Medium,1,85.21,Smooth,89.48,35.93,Sandy,Healthy
19.74,19.43,Medium,0,89.78,Rough,69.5,28.69,Clay,Healthy
14.29,11.81,Dark,0,40.68,Rough,58.65,32.57,Loamy,Unhealthy
37.85,14.26,Medium,0,50.14,Smooth,72.78,21.8,Loamy,Unhealthy
37.65,13.54,Medium,0,54.62,Smooth,73.15,26.46,Clay,Unhealthy
28.72,23.35,Light,0,52.94,Smooth,48.97,27.53,Clay,Unhealthy
39.44,5.12,Medium,1,51.24,Rough,87.7,28.61,Clay,Unhealthy
32.88,19.38,Dark,1,51.54,Rough,58.31,38.55,Clay,Healthy
27.93,14.57,Light,0,31.78,Smooth,85.72,26.82,Sandy,Unhealthy
49.01,17.96,Medium,0,77.76,Smooth,57.38,25.94,Sandy,Unhealthy
44.31,17.6,Dark,1,42.37,Smooth,56.08,20.99,Loamy,Healthy
19.03,13.79,Medium,0,89.69,Rough,80.26,39.97,Loamy,Healthy
22.12,21.75,Medium,1,58.67,Rough,63.9,37.76,Loamy,Unhealthy
40.49,22.18,Medium,0,69.35,Smooth,48.91,24.33,Sandy,Unhealthy
25.88,15.41,Dark,1,49.13,Rough,77.71,36.32,Clay,Healthy
26.47,22.54,Dark,1,74.74,Smooth,74.99,37.98,Loamy,Unhealthy
13.9,22.19,Light,0,30.33,Rough,49.92,30.03,Sandy,Healthy
46.13,8.1,Dark,0,45.15,Rough,72.16,28.37,Clay,Unhealthy
48.37,13.83,Medium,0,38.99,Smooth,40.27,29.74,Clay,Unhealthy
42.05,16.87,Medium,1,70.63,Rough,70.02,29.23,Loamy,Unhealthy
17.8,17.3,Dark,0,70.26,Smooth,50.99,22.77,Sandy,Unhealthy
10.52,14.31,Dark,0,74.58,Rough,71.14,38.79,Loamy,Healthy
22.55,13.05,Dark,0,89.55,Rough,62.31,27.9,Loamy,Unhealthy
16.26,23.9,Light,1,88.99,Rough,68.5,26.06,Loamy,Healthy
47.77,11.66,Dark,1,40.06,Rough,53.77,32.88,Clay,Unhealthy
43.53,10.65,Light,0,55.19,Smooth,77.35,37.68,Sandy,Healthy
13.7,10.31,Light,1,85.42,Rough,80.44,21.03,Sandy,Healthy
13.04,23.91,Dark,0,31.91,Rough,48.72,20.97,Clay,Unhealthy
16.42,5.77,Medium,0,50.63,Smooth,77.55,21.81,Loamy,Healthy
38.88,14.8,Dark,1,47.96,Smooth,43.78,34.91,Clay,Healthy
41.91,24.41,Medium,0,49.8,Smooth,41.51,22.91,Loamy,Healthy
